model_id,rank_values,rank,state
30,1.25,2.0,GO
21,0.8333333333333333,3.0,GO
22,1.3333333333333333,1.0,GO
28,0.45,5.0,GO
25,0.7,4.0,GO
27,0.3333333333333333,6.0,GO
