model_id,rank_values,rank,state
30,1.25,1.0,PR
21,0.8333333333333333,2.0,PR
25,0.8333333333333333,2.0,PR
22,1.25,1.0,PR
28,0.4,3.0,PR
27,0.3333333333333333,4.0,PR
