model_id,rank_values,rank,state
30,1.1666666666666667,2.0,MG
21,0.75,3.0,MG
22,0.6666666666666666,4.0,MG
27,0.45,6.0,MG
25,1.2,1.0,MG
29,0.30952380952380953,7.0,MG
28,0.6428571428571428,5.0,MG
