model_id,rank_values,rank,state
30,1.3333333333333333,1.0,AM
21,0.75,2.0,AM
22,1.3333333333333333,1.0,AM
25,0.75,2.0,AM
27,0.3666666666666667,3.0,AM
28,0.3666666666666667,3.0,AM
