model_id,rank_values,rank,state
30,1.2,2.0,GO
27,0.6666666666666666,3.0,GO
21,0.5833333333333333,5.0,GO
22,1.25,1.0,GO
29,0.34285714285714286,7.0,GO
28,0.5,6.0,GO
25,0.6428571428571428,4.0,GO
