model_id,rank_values,rank,state
30,1.25,1.0,MG
21,1.0,2.0,MG
22,0.6666666666666666,3.0,MG
25,1.25,1.0,MG
29,0.4,4.0,MG
28,0.3333333333333333,5.0,MG
27,0.2857142857142857,6.0,MG
