model_id,rank_values,rank,state
30,1.25,1.0,AM
22,0.8333333333333333,3.0,AM
21,0.5333333333333333,5.0,AM
25,0.75,4.0,AM
29,1.2,2.0,AM
27,0.30952380952380953,6.0,AM
28,0.30952380952380953,6.0,AM
