model_id,rank_values,rank,state
30,1.25,1.0,PR
27,0.7,4.0,PR
21,0.5,5.0,PR
25,0.75,3.0,PR
22,1.2,2.0,PR
29,0.30952380952380953,7.0,PR
28,0.47619047619047616,6.0,PR
